,City,Cloudiness,Country,Date,Humidity,Lat,Lng,Max Temp,Wind Speed
0,saint-philippe,44,RE,1594259064,64,-21.36,55.77,21.0,5.1
1,barrow,1,US,1594259081,70,71.29,-156.79,8.0,8.2
2,punta arenas,19,CL,1594258885,92,-53.15,-70.92,-2.0,5.1
3,busselton,12,AU,1594259184,85,-33.65,115.33,11.11,1.98
4,nikolskoye,74,RU,1594259091,87,59.7,30.79,11.0,2.0
5,vikramasingapuram,40,IN,1594259184,78,8.71,77.39,27.0,2.1
6,taltal,0,CL,1594259184,47,-25.4,-70.48,15.64,2.85
7,new norfolk,89,AU,1594259069,88,-42.78,147.06,7.22,0.91
8,mataura,100,NZ,1594259184,94,-46.19,168.86,6.15,2.49
9,ushuaia,75,AR,1594259185,64,-54.8,-68.3,4.0,2.1
10,georgetown,20,MY,1594258913,83,5.41,100.34,28.0,2.1
11,souillac,75,MU,1594259185,77,-20.52,57.52,21.0,5.7
12,axim,100,GH,1594259185,88,4.87,-2.24,24.27,4.13
13,port elizabeth,22,ZA,1594259113,34,-33.92,25.57,20.0,5.1
14,carnarvon,50,AU,1594259127,59,-24.87,113.63,16.0,7.7
15,rikitea,4,PF,1594259186,64,-23.12,-134.97,20.22,7.78
16,cape town,100,ZA,1594259110,36,-33.93,18.42,18.89,11.8
17,sakakah,0,SA,1594259186,28,29.97,40.21,27.0,4.1
18,bluff,100,NZ,1594259115,80,-46.6,168.33,9.89,6.08
19,diamantino,49,BR,1594259186,59,-14.41,-56.45,21.83,1.87
20,sydney mines,100,CA,1594259186,86,46.24,-60.22,14.44,3.13
21,puerto ayora,65,EC,1594259186,94,-0.74,-90.35,20.0,0.45
22,bredasdorp,100,ZA,1594259059,81,-34.53,20.04,7.0,1.5
23,hobart,75,AU,1594259163,70,-42.88,147.33,9.0,2.1
24,porangatu,0,BR,1594259115,49,-13.44,-49.15,19.45,0.42
25,tasiilaq,1,GL,1594259057,86,65.61,-37.64,5.0,3.6
26,jamestown,1,US,1594259061,69,42.1,-79.24,25.0,2.1
27,chokurdakh,86,RU,1594259187,61,70.63,147.92,12.95,4.82
28,kingori,98,TZ,1594259187,91,-3.28,36.98,16.86,1.96
29,tocopilla,0,CL,1594259188,57,-22.09,-70.2,15.65,0.43
30,sambava,83,MG,1594259188,84,-14.27,50.17,22.74,7.14
31,ode,100,NG,1594259188,98,7.79,5.71,20.44,2.63
32,sitka,90,US,1594258961,76,57.05,-135.33,14.0,1.97
33,vostok,100,RU,1594259068,100,46.49,135.88,13.11,1.51
34,marathon,1,US,1594259189,66,44.9,-89.77,29.0,4.1
35,leningradskiy,9,RU,1594259120,71,69.38,178.42,9.77,5.93
36,lillesand,0,NO,1594259189,58,58.25,8.38,12.0,4.1
37,atuona,3,PF,1594259189,74,-9.8,-139.03,26.51,5.35
38,kaitangata,99,NZ,1594259067,70,-46.28,169.85,10.0,4.47
39,hilo,75,US,1594259189,65,19.73,-155.09,28.0,6.2
40,foz do iguacu,90,BR,1594259189,93,-25.55,-54.59,11.0,1.34
41,fortuna,20,US,1594259190,77,40.6,-124.16,18.33,6.7
42,codrington,0,AU,1594259143,67,-38.27,141.97,12.04,6.06
43,arraial do cabo,59,BR,1594258890,79,-22.97,-42.03,22.48,8.4
44,sao jose da coroa grande,15,BR,1594259190,86,-8.9,-35.15,24.3,2.08
45,port blair,40,IN,1594259191,94,11.67,92.75,26.0,2.53
46,faya,95,SA,1594259134,55,18.39,42.45,20.0,0.63
47,jeremie,2,HT,1594259191,75,18.65,-74.12,27.46,0.15
48,lebu,100,CL,1594259191,78,-37.62,-73.65,8.89,5.3
49,hay river,40,CA,1594259109,55,60.82,-115.8,18.0,4.1
50,kapaa,75,US,1594259123,62,22.08,-159.32,29.0,8.2
51,saint-augustin,100,CA,1594259192,91,51.23,-58.65,13.98,6.73
52,arona,0,ES,1594259192,47,28.1,-16.68,25.56,7.2
53,hofn,88,IS,1594259186,72,64.25,-15.21,11.22,4.68
54,guangyuan,100,CN,1594259192,78,32.44,105.82,30.0,0.88
55,longyearbyen,75,SJ,1594258976,81,78.22,15.64,7.0,1.0
56,ostrovnoy,90,RU,1594259192,89,68.05,39.51,12.17,1.45
57,ceuta,0,ES,1594259193,78,35.89,-5.31,22.0,4.1
58,hervey bay,94,AU,1594259193,77,-25.3,152.85,20.0,1.79
59,severo-kurilsk,100,RU,1594259193,91,50.68,156.12,9.25,7.72
60,havelock,96,US,1594259193,94,34.88,-76.9,25.0,1.34
61,ancud,100,CL,1594259073,93,-41.87,-73.82,6.67,4.1
62,cabo san lucas,75,MX,1594259119,35,22.89,-109.91,31.11,3.1
63,te anau,80,NZ,1594259110,87,-45.42,167.72,5.37,0.59
64,qaanaaq,0,GL,1594259084,58,77.48,-69.36,7.44,0.17
65,necochea,100,AR,1594259140,92,-38.55,-58.74,3.89,4.02
66,olafsvik,47,IS,1594259194,73,64.89,-23.71,9.69,4.31
67,albany,0,US,1594259124,91,42.6,-73.97,23.33,1.19
68,jalu,0,LY,1594259194,77,29.03,21.55,23.58,2.81
69,tura,100,IN,1594259194,95,25.52,90.22,24.96,3.2
70,esperance,75,AU,1594259185,100,-33.87,121.9,10.0,4.6
71,thompson,90,CA,1594259195,73,55.74,-97.86,21.0,3.6
72,barinitas,100,VE,1594259195,85,8.76,-70.41,20.55,2.4
73,akyab,100,MM,1594259195,83,20.15,92.9,28.0,4.11
74,caala,0,AO,1594259195,47,-12.85,15.56,8.63,0.9
75,avarua,89,CK,1594259196,65,-21.21,-159.78,25.0,8.2
76,sao joao da barra,0,BR,1594259079,75,-21.64,-41.05,21.69,6.47
77,maxixe,1,MZ,1594259196,83,-23.86,35.35,18.63,2.91
78,la ronge,90,CA,1594259099,87,55.1,-105.28,15.0,6.7
79,namtsy,11,RU,1594259196,40,62.72,129.67,23.0,2.0
80,san patricio,90,MX,1594259196,74,19.22,-104.7,29.0,7.7
81,bathsheba,40,BB,1594259197,83,13.22,-59.52,27.0,5.7
82,barcelos,20,PT,1594259197,93,41.54,-8.62,17.78,0.26
83,yulara,28,AU,1594259197,33,-25.24,130.99,14.0,2.6
84,isla mujeres,20,MX,1594259197,79,21.23,-86.73,29.0,1.5
85,madaoua,0,NE,1594259197,56,14.07,5.96,28.64,6.15
86,iskateley,90,RU,1594259197,88,67.68,53.15,20.4,3.31
87,vaini,75,TO,1594259066,78,-21.2,-175.2,25.0,3.6
88,san carlos de bariloche,75,AR,1594259198,93,-41.15,-71.31,1.0,9.8
89,faanui,64,PF,1594259116,79,-16.48,-151.75,24.65,11.61
90,ucluelet,90,CA,1594258989,93,48.93,-125.55,14.44,1.5
91,nuuk,100,GL,1594259198,71,64.18,-51.72,14.0,15.4
92,brae,78,GB,1594259198,87,60.4,-1.35,10.0,4.1
93,provideniya,75,RU,1594259199,87,64.38,-173.3,8.0,4.0
94,nogliki,100,RU,1594259095,96,51.83,143.17,9.7,3.94
95,pevek,0,RU,1594259199,71,69.7,170.31,9.14,1.86
96,buala,2,SB,1594259199,70,-8.14,159.59,29.72,4.9
97,butaritari,94,KI,1594259199,76,3.07,172.79,28.86,7.43
98,saskylakh,10,RU,1594259199,48,71.92,114.08,17.32,4.24
99,novobirilyussy,100,RU,1594259200,96,56.95,90.67,17.74,3.99
100,upernavik,0,GL,1594259200,74,72.79,-56.15,5.33,4.1
101,khatanga,91,RU,1594259067,49,71.97,102.5,18.43,7.37
102,tomatlan,100,MX,1594259200,67,19.93,-105.25,27.45,0.31
103,safranbolu,87,TR,1594259201,82,41.25,32.69,16.29,1.03
104,katangli,100,RU,1594259201,98,51.71,143.23,9.4,4.05
105,clyde river,90,CA,1594259082,100,70.47,-68.59,2.0,3.1
106,kahului,40,US,1594259201,51,20.89,-156.47,30.0,9.3
107,cherskiy,100,RU,1594259201,40,68.75,161.3,23.43,4.64
108,huaibei,19,CN,1594259201,67,33.97,116.79,28.89,3.52
109,dikson,0,RU,1594259202,83,73.51,80.55,6.83,6.32
110,ribeira grande,18,PT,1594259202,79,38.52,-28.7,20.17,4.0
111,iqaluit,90,CA,1594259202,100,63.75,-68.51,7.0,1.0
112,guerrero negro,5,MX,1594259124,72,27.98,-114.06,21.24,7.45
113,nanortalik,100,GL,1594259127,81,60.14,-45.24,7.03,1.17
114,savonlinna,97,FI,1594259202,100,61.87,28.88,7.0,0.5
115,bud,1,US,1594259202,83,39.45,-86.18,26.0,0.51
116,hirara,75,JP,1594259203,74,24.8,125.28,31.0,9.8
117,saint george,1,US,1594259034,4,37.1,-113.58,38.0,5.7
118,hawalli,0,KW,1594259203,45,29.28,48.0,31.0,2.6
119,cidreira,75,BR,1594259203,85,-30.18,-50.21,11.77,9.53
120,port alfred,55,ZA,1594259203,34,-33.59,26.89,25.0,4.92
121,san fernando,40,PH,1594259204,66,15.03,120.69,31.0,2.1
122,manokwari,100,ID,1594259204,70,-0.87,134.08,29.18,5.25
123,general roca,100,AR,1594259204,58,-39.03,-67.58,6.0,4.6
124,mahebourg,75,MU,1594259204,77,-20.41,57.7,21.0,5.7
125,carutapera,27,BR,1594259129,90,-1.2,-46.02,24.25,2.45
126,methven,0,NZ,1594259135,62,-43.63,171.65,10.0,2.68
127,quatre cocos,75,MU,1594259205,77,-20.21,57.76,21.0,5.7
128,abu dhabi,84,AE,1594259105,59,24.47,54.37,33.0,1.5
129,gayeri,57,BF,1594259205,63,12.65,0.49,28.44,4.72
130,mamallapuram,40,IN,1594259205,78,12.63,80.17,28.0,2.78
131,torbay,20,CA,1594259190,93,47.67,-52.73,10.0,4.6
132,talnakh,75,RU,1594259205,87,69.49,88.4,11.0,11.0
133,rabo de peixe,75,PT,1594259206,77,37.8,-25.58,18.0,2.6
134,krasnogorodsk,36,RU,1594259206,97,56.83,28.28,8.0,2.66
135,rubtsovsk,24,RU,1594259206,72,51.5,81.25,20.06,3.87
136,qui nhon,100,VN,1594259000,59,13.77,109.23,30.76,2.71
137,naze,75,JP,1594259206,89,28.37,129.48,29.0,7.7
138,sovkhoznyy,40,RU,1594259206,77,45.29,38.11,20.56,3.0
139,mariel,75,CU,1594259207,100,22.99,-82.75,26.0,4.51
140,waterloo,1,CA,1594259135,74,43.47,-80.52,27.22,2.6
141,mar del plata,97,AR,1594259065,86,-38.0,-57.56,7.22,3.1
142,port hedland,0,AU,1594259207,15,-20.32,118.57,25.0,5.1
143,paamiut,100,GL,1594259185,76,61.99,-49.67,7.65,8.04
144,cairns,40,AU,1594259099,61,-16.92,145.77,26.0,7.2
145,san pedro,56,PH,1594259125,66,14.35,121.02,32.78,3.1
146,houma,75,US,1594259090,83,29.6,-90.72,28.33,2.6
147,tiksi,100,RU,1594259208,94,71.69,128.87,1.69,3.43
148,baghdad,0,IQ,1594259122,22,33.34,44.4,33.0,4.1
149,bocas del toro,97,PA,1594259208,57,9.33,-82.25,20.56,2.68
150,kosh-agach,89,RU,1594259208,66,50.0,88.67,13.04,2.68
151,roebourne,0,AU,1594259208,19,-20.78,117.13,25.03,5.2
152,matay,0,EG,1594259208,65,28.42,30.78,24.27,4.01
153,victoria,100,HK,1594258972,74,22.29,114.16,30.56,8.05
154,hithadhoo,38,MV,1594259209,69,-0.6,73.08,29.03,1.44
155,marfino,75,RU,1594259209,100,55.7,37.38,13.89,6.0
156,meulaboh,100,ID,1594259209,80,4.14,96.13,24.91,3.64
157,pochutla,100,MX,1594259209,76,15.74,-96.47,29.44,2.21
158,airai,45,TL,1594259209,66,-8.93,125.41,20.91,2.07
159,cayenne,97,GF,1594259092,100,4.93,-52.33,25.0,1.46
160,nador,75,MA,1594259210,78,35.17,-2.93,25.0,3.6
161,luderitz,0,NA,1594259210,100,-26.65,15.16,11.0,3.6
162,ponta do sol,20,PT,1594258976,68,32.67,-17.1,20.0,8.7
163,east london,99,ZA,1594259078,35,-33.02,27.91,22.99,6.67
164,dalvik,82,IS,1594259210,81,65.97,-18.53,9.0,2.1
165,kuito,0,AO,1594259211,45,-12.38,16.93,9.28,0.67
166,yellowknife,40,CA,1594259118,42,62.46,-114.35,19.0,3.6
167,darab,0,IR,1594259211,40,28.75,54.54,24.65,1.61
168,salta,0,AR,1594258946,80,-24.79,-65.41,5.0,1.5
169,tutoia,3,BR,1594259211,85,-2.76,-42.27,25.75,2.92
170,fort dix,1,US,1594259211,74,40.03,-74.62,26.11,4.1
171,villa union,90,MX,1594259211,74,23.2,-106.23,29.44,1.5
172,oneonta,5,US,1594259212,76,42.45,-75.06,20.56,1.13
173,natchitoches,1,US,1594259212,79,31.77,-93.13,30.0,2.51
174,hermanus,100,ZA,1594259212,43,-34.42,19.23,16.96,6.9
175,agropoli,0,IT,1594259212,69,40.35,15.0,23.33,0.89
176,riyadh,0,SA,1594258955,17,24.69,46.72,30.0,2.6
177,abu kamal,97,SY,1594259212,31,34.45,40.92,27.29,4.77
178,waingapu,82,ID,1594259154,66,-9.66,120.26,27.57,6.61
179,gohand,90,IN,1594259213,71,25.7,79.55,30.37,5.15
180,znin,43,PL,1594259213,93,52.85,17.72,10.56,0.5
181,namatanai,24,PG,1594259213,68,-3.67,152.43,29.75,3.94
182,peniche,41,PT,1594259213,91,39.36,-9.38,18.33,2.24
183,qasigiannguit,81,GL,1594259213,50,68.82,-51.19,11.0,6.2
184,isangel,75,VU,1594259213,73,-19.55,169.27,24.0,6.2
185,baft,3,IR,1594259214,37,29.23,56.61,19.72,0.73
186,tual,100,ID,1594259170,83,-5.67,132.75,26.27,9.44
187,batagay-alyta,100,RU,1594259214,70,67.8,130.41,13.51,3.78
188,oildale,1,US,1594259214,17,35.42,-119.02,36.67,5.1
189,namibe,0,AO,1594259214,77,-15.2,12.15,18.29,1.95
190,gazanjyk,0,TM,1594259214,18,39.24,55.52,29.39,1.38
191,vestmannaeyjar,1,IS,1594259214,82,63.44,-20.27,9.37,9.63
192,dingle,42,PH,1594259113,65,11.0,122.67,30.51,1.87
193,jiazi,100,CN,1594259215,78,22.88,116.07,30.06,8.67
194,ilulissat,95,GL,1594259114,50,69.22,-51.1,11.0,6.2
195,maragogi,30,BR,1594259215,87,-9.01,-35.22,24.14,1.82
196,dana point,11,US,1594259215,79,33.47,-117.7,23.33,0.89
197,narsaq,100,GL,1594259117,57,60.92,-46.05,10.0,2.1
198,thinadhoo,99,MV,1594259216,70,0.53,72.93,29.01,2.58
199,lufilufi,20,WS,1594259117,76,-13.87,-171.6,27.93,5.27
200,bethel,20,US,1594259216,100,41.37,-73.41,22.0,1.5
201,muzhi,69,RU,1594259216,74,65.37,64.67,20.58,1.62
202,megion,0,RU,1594259216,82,61.03,76.11,19.0,2.0
203,lavrentiya,88,RU,1594259216,82,65.58,-171.0,8.99,2.02
204,ust-kuyga,99,RU,1594259216,69,70.02,135.6,13.32,3.54
205,anupgarh,3,IN,1594259217,45,29.19,73.21,35.73,3.97
206,barra do bugres,0,BR,1594259217,69,-15.07,-57.18,19.27,1.38
207,atambua,15,ID,1594259217,54,-9.11,124.89,27.46,1.09
208,marawi,2,PH,1594259217,75,8.0,124.29,28.33,2.68
209,marquard,9,ZA,1594259217,87,-28.66,27.43,4.3,3.68
210,dunedin,94,NZ,1594259120,70,-45.87,170.5,11.11,2.24
211,bolgatanga,100,GH,1594259218,75,10.79,-0.85,26.05,2.41
212,chuy,100,UY,1594259218,92,-33.7,-53.46,8.82,5.33
213,norsup,99,VU,1594259218,80,-16.07,167.38,25.09,8.26
214,hasaki,75,JP,1594259218,83,35.73,140.83,28.0,4.1
215,rocha,98,UY,1594259218,93,-34.48,-54.33,7.22,3.76
216,kovernino,11,RU,1594259218,87,57.13,43.81,20.46,4.53
217,moussoro,18,TD,1594259218,38,13.64,16.49,31.65,4.6
218,kapit,98,MY,1594259219,73,2.02,112.93,28.78,0.75
219,dhari,19,IN,1594259219,83,21.33,71.02,26.79,6.67
220,san quintin,0,MX,1594259079,76,30.48,-115.95,20.09,6.29
221,opuwo,0,NA,1594259219,57,-18.06,13.84,7.74,1.57
222,beringovskiy,48,RU,1594259219,61,63.05,179.32,15.18,4.83
223,san benito,11,GT,1594259219,66,16.91,-89.91,26.86,2.26
224,tromso,75,NO,1594259106,87,69.65,18.96,8.0,2.1
225,poniatowa,35,PL,1594259220,100,51.18,22.13,14.44,1.5
226,huizhou,100,CN,1594259220,73,23.08,114.4,30.44,4.74
227,paracuru,53,BR,1594259207,81,-3.41,-39.03,24.44,0.45
228,katsuura,75,JP,1594259220,94,35.13,140.3,25.56,7.7
229,trincomalee,100,LK,1594259220,78,8.57,81.23,27.62,5.01
230,yar-sale,56,RU,1594259135,58,66.83,70.83,14.24,5.82
231,oranjemund,0,NA,1594259122,63,-28.55,16.43,14.54,7.65
232,ormara,96,PK,1594259221,65,25.21,64.64,31.54,3.71
233,lang son,100,VN,1594259221,65,21.83,106.73,30.47,3.65
234,nara,75,JP,1594259191,94,34.69,135.8,26.0,5.49
235,twentynine palms,1,US,1594259221,4,34.14,-116.05,38.0,7.7
236,thurso,70,GB,1594259221,87,58.59,-3.53,9.0,1.57
237,miandrivazo,0,MG,1594259222,53,-19.52,45.47,20.9,2.54
238,novyy urengoy,99,RU,1594259222,70,66.08,76.63,14.97,6.84
239,taoudenni,0,ML,1594259069,11,22.68,-3.98,33.23,6.1
240,san rafael,100,AR,1594259222,58,-34.62,-68.33,7.13,2.77
241,mount gambier,75,AU,1594259152,81,-37.83,140.77,9.0,5.7
242,los llanos de aridane,40,ES,1594259222,83,28.66,-17.92,28.33,7.2
243,kodiak,90,US,1594259222,42,57.79,-152.41,20.0,8.7
244,salalah,75,OM,1594259202,88,17.02,54.09,28.0,1.5
245,manzhouli,22,CN,1594259223,36,49.6,117.43,26.85,6.76
246,magdagachi,59,RU,1594259223,38,53.45,125.8,25.36,4.64
247,talara,86,PE,1594259223,79,-4.58,-81.27,18.16,8.29
248,rio gallegos,48,AR,1594259223,86,-51.62,-69.22,-2.0,2.1
249,grindavik,75,IS,1594259223,76,63.84,-22.43,9.0,6.2
250,vestmanna,3,FO,1594259224,87,62.16,-7.17,10.0,5.1
251,weligama,93,LK,1594259224,83,5.97,80.42,27.25,4.48
252,monte alegre,34,BR,1594259224,93,-2.01,-54.07,23.69,0.74
253,bolobo,0,CD,1594259224,61,-2.17,16.23,23.1,0.6
254,mancio lima,49,BR,1594259224,95,-7.61,-72.9,22.39,0.61
255,paita,32,PE,1594259224,81,-5.09,-81.11,17.37,7.38
256,geraldton,0,AU,1594259224,82,-28.77,114.6,13.0,1.5
257,the valley,20,AI,1594259207,74,18.22,-63.06,29.0,5.1
258,forest acres,90,US,1594258946,78,34.02,-80.99,27.0,2.34
259,soluno-dmitriyevskoye,100,RU,1594259225,77,44.4,42.73,20.0,5.0
260,palmer,74,US,1594259225,91,42.16,-72.33,23.33,2.63
261,laviana,20,ES,1594259225,100,43.23,-5.53,17.0,1.0
262,bulnes,80,CL,1594259225,100,-36.74,-72.3,6.0,1.0
263,kaduqli,63,SD,1594259225,83,11.02,29.72,23.37,1.43
264,kindersley,90,CA,1594259226,100,51.47,-109.17,12.0,14.4
265,dalmatovo,0,RU,1594259226,81,56.26,62.94,21.33,1.83
266,bambous virieux,75,MU,1594259226,77,-20.34,57.76,21.0,5.7
267,nizhniy kuranakh,92,RU,1594259226,63,58.84,125.49,21.94,1.59
268,thanatpin,75,MM,1594259226,83,17.21,96.3,28.0,2.1
269,senador jose porfirio,76,BR,1594259227,92,-2.59,-51.95,23.53,0.35
270,shimoda,75,JP,1594259227,94,34.67,138.95,27.0,8.7
271,caravelas,0,BR,1594259152,83,-17.71,-39.25,20.93,1.63
272,castro,41,BR,1594259192,94,-24.79,-50.01,10.78,3.12
273,alofi,75,NU,1594259227,78,-19.06,-169.92,26.0,5.7
274,topolevo,90,RU,1594259227,82,48.5,135.2,16.0,5.0
275,berlevag,100,NO,1594259143,90,70.86,29.09,9.82,0.72
276,hambantota,75,LK,1594259120,100,6.12,81.12,25.0,0.5
277,prado,0,BR,1594259228,80,-17.34,-39.22,21.87,2.04
278,ushtobe,100,KZ,1594259134,37,45.25,77.98,23.55,7.23
279,lagoa,81,PT,1594259142,81,39.05,-27.98,19.99,3.49
280,tessalit,0,ML,1594259228,27,20.2,1.01,31.5,6.62
281,juneau,90,US,1594259101,87,58.3,-134.42,13.89,4.6
282,roma,1,US,1594259174,83,43.21,-75.46,24.0,2.1
283,westport,40,US,1594259229,94,41.14,-73.36,23.0,1.5
284,saint-francois,55,FR,1594259229,87,46.42,3.91,13.89,1.0
285,kieta,95,PG,1594259086,63,-6.22,155.63,29.93,2.93
286,sabha,0,LY,1594259229,27,27.04,14.43,24.86,5.92
287,sawakin,3,SD,1594259229,45,19.11,37.33,29.95,0.38
288,knysna,39,ZA,1594259229,17,-34.04,23.05,24.0,8.7
289,jiran,38,IN,1594259230,82,24.32,74.88,26.38,6.54
290,sault sainte marie,1,CA,1594259113,57,46.52,-84.33,27.0,1.5
291,verkhoyansk,100,RU,1594259230,72,67.54,133.38,13.19,1.36
292,tarakan,100,ID,1594259230,81,3.3,117.63,26.83,2.37
293,le vauclin,20,MQ,1594259230,83,14.55,-60.84,27.0,5.1
294,gorontalo,87,ID,1594259230,81,0.54,123.06,27.92,0.56
295,pemangkat,100,ID,1594259029,89,1.17,108.97,25.38,2.15
296,borova,0,UA,1594259231,93,50.18,30.1,13.89,2.0
297,lindi,53,TZ,1594259128,93,-10.0,39.72,21.37,2.54
298,coahuayana,100,MX,1594259231,78,18.73,-103.68,26.21,0.79
299,calvinia,98,ZA,1594259231,39,-31.47,19.78,11.16,4.71
300,totness,71,SR,1594259231,86,5.88,-56.32,25.58,3.65
301,sao filipe,1,CV,1594259232,86,14.9,-24.5,25.56,4.85
302,iberia,1,US,1594259232,83,29.95,-91.75,29.0,3.1
303,owensboro,1,US,1594259232,83,37.77,-87.11,27.0,0.76
304,mogadishu,100,SO,1594259232,83,2.04,45.34,25.33,6.47
305,polunochnoye,0,RU,1594259232,68,60.87,60.42,24.49,1.15
306,chapais,90,CA,1594259108,73,49.78,-74.85,21.0,5.7
307,pascagoula,20,US,1594259142,88,30.37,-88.56,24.0,1.5
308,bengkulu,100,ID,1594259083,77,-3.8,102.27,26.14,0.84
309,blackfoot,20,US,1594259233,22,43.19,-112.34,26.0,5.1
310,seddon,0,AU,1594259233,71,-37.81,144.89,15.56,6.7
311,kjollefjord,100,NO,1594259123,91,70.95,27.35,8.54,2.33
312,stanislav,0,UA,1594259233,66,46.57,32.15,17.17,5.14
313,kavaratti,100,IN,1594259234,79,10.57,72.64,28.41,7.35
314,samarai,100,PG,1594259081,88,-10.62,150.67,25.71,8.78
315,vikindu,66,TZ,1594259234,92,-7.01,39.3,22.7,3.73
316,kutum,100,SD,1594259233,45,14.2,24.67,25.29,4.33
317,sao francisco,0,BR,1594259234,56,-15.95,-44.86,19.01,1.12
318,marsabit,51,KE,1594259234,94,2.33,37.99,16.77,9.02
319,sotnikovo,75,RU,1594259234,68,51.88,107.48,20.0,3.0
320,goure,1,NE,1594259235,53,13.98,10.27,30.0,1.79
321,beihai,100,CN,1594259235,77,21.48,109.1,30.81,9.44
322,ossora,100,RU,1594259235,87,59.24,163.07,12.59,3.71
323,saldanha,100,ZA,1594259126,72,-33.01,17.94,15.0,6.7
324,seredka,38,RU,1594259126,87,58.16,28.19,9.0,2.0
325,buncrana,2,IE,1594259235,91,55.13,-7.45,8.84,2.48
326,butte,1,US,1594259235,20,39.65,-121.57,36.0,3.6
327,joshimath,32,IN,1594259236,46,30.57,79.57,22.33,0.61
328,nemuro,75,JP,1594259236,93,43.32,145.57,19.0,2.6
329,kochki,97,RU,1594259236,80,54.34,80.48,21.35,4.15
330,menongue,0,AO,1594259236,56,-14.66,17.69,7.47,1.82
331,conde,20,BR,1594259236,94,-7.26,-34.91,24.0,2.1
332,lively,40,CA,1594259236,57,46.43,-81.15,25.0,2.6
333,port augusta,100,AU,1594259237,50,-32.5,137.77,13.0,3.1
334,umm kaddadah,100,SD,1594259237,56,13.6,26.69,27.47,3.41
335,emerald,75,AU,1594259237,56,-23.53,148.17,22.0,5.1
336,bria,100,CF,1594259188,96,6.54,21.99,20.58,2.41
337,mastic beach,90,US,1594259237,83,40.77,-72.85,25.0,3.1
338,lyuban,79,BY,1594259237,95,52.8,28.0,9.18,2.64
339,poum,0,NC,1594259130,68,-20.23,164.02,21.67,4.34
340,puri,75,IN,1594258988,94,19.8,85.85,27.0,2.6
341,russell,1,US,1594259132,88,32.35,-85.2,27.0,2.23
342,guasdualito,24,VE,1594259238,94,7.24,-70.73,23.59,1.32
343,norman wells,75,CA,1594259238,40,65.28,-126.83,20.0,5.1
344,jahanabad,90,IN,1594259238,100,25.22,84.98,28.0,3.41
345,tornio,2,FI,1594259238,93,65.85,24.15,7.0,1.5
346,martapura,20,ID,1594259239,83,-3.42,114.85,27.0,3.6
347,vicam,75,MX,1594259029,34,27.63,-110.28,34.0,5.1
348,vega de alatorre,8,MX,1594259239,76,20.03,-96.63,28.75,6.37
349,margate,100,GB,1594258974,99,51.38,1.39,16.11,0.89
350,porto novo,40,BJ,1594259239,88,6.5,2.6,26.0,4.6
351,lorengau,3,PG,1594259111,71,-2.02,147.27,29.77,5.59
352,gat,12,IL,1594259206,76,31.61,34.76,24.44,0.76
353,kabalo,0,CD,1594259240,52,-6.05,26.92,19.91,1.05
354,labuhan,97,ID,1594259240,74,-6.88,112.21,26.95,2.56
355,anchorage,90,US,1594259104,82,61.22,-149.9,14.0,2.1
356,nouadhibou,16,MR,1594259240,83,20.93,-17.03,23.0,9.8
357,aklavik,40,CA,1594259240,54,68.22,-135.01,15.0,3.6
358,belaya gora,79,RU,1594259240,59,68.53,146.42,15.99,1.57
359,banjar,40,ID,1594259241,94,-8.19,114.97,27.0,7.2
360,kenai,90,US,1594259241,72,60.55,-151.26,16.0,1.5
361,luanda,0,AO,1594259081,94,-8.84,13.23,21.0,1.0
362,pangnirtung,49,CA,1594259241,66,66.15,-65.71,6.87,0.84
363,puerto ayacucho,99,VE,1594259241,92,5.66,-67.62,24.41,2.29
364,mayo,1,US,1594259082,65,38.89,-76.51,28.0,1.5
365,baracoa,25,CU,1594259241,84,20.35,-74.5,27.05,1.79
366,coquimbo,0,CL,1594259146,76,-29.95,-71.34,12.0,4.6
367,lompoc,5,US,1594259117,77,34.64,-120.46,16.11,5.1
368,san roque,0,ES,1594259242,78,36.21,-5.38,22.0,4.1
369,altay,86,CN,1594259242,45,47.87,88.12,19.56,1.01
370,tondano,20,ID,1594259242,66,1.3,124.91,31.0,1.5
371,pontianak,98,ID,1594259242,88,-0.03,109.33,25.92,1.51
372,uyuni,0,BO,1594259242,54,-20.46,-66.83,0.42,4.89
373,nikel,100,RU,1594259243,100,69.41,30.22,10.0,2.1
374,przhevalskoye,94,RU,1594259243,94,55.51,31.85,9.9,1.79
375,korla,3,CN,1594259243,19,41.76,86.15,29.14,5.46
376,seymchan,68,RU,1594259243,56,62.88,152.43,19.65,4.59
377,hami,0,CN,1594259075,13,42.8,93.45,30.85,2.68
378,vardo,100,NO,1594259243,90,70.37,31.11,11.25,5.42
379,mao,51,ES,1594259244,73,39.89,4.27,21.0,3.6
380,condado,0,CU,1594259244,94,21.88,-79.84,28.0,1.5
381,stafford,100,GB,1594259244,88,52.81,-2.12,14.44,1.34
382,egvekinot,94,RU,1594259244,77,66.32,-179.17,11.89,1.03
383,tuatapere,100,NZ,1594259055,85,-46.13,167.68,8.03,2.59
384,ayr,75,GB,1594259244,93,55.46,-4.63,12.22,1.0
385,letterkenny,17,IE,1594259209,93,54.95,-7.73,8.37,1.67
386,sisimiut,100,GL,1594259245,88,66.94,-53.67,8.06,4.02
387,atlantic beach,75,US,1594259103,78,30.33,-81.4,28.0,2.1
388,vuktyl,100,RU,1594259245,75,63.86,57.31,23.8,2.43
389,pastos bons,0,BR,1594259245,56,-6.6,-44.08,21.79,0.58
390,orange cove,1,US,1594259245,21,36.62,-119.31,35.0,2.18
391,tiarei,20,PF,1594259130,58,-17.53,-149.33,28.0,5.1
392,padang,100,ID,1594259246,86,-0.95,100.35,24.53,2.35
393,pacific grove,1,US,1594258997,68,36.62,-121.92,20.0,4.1
394,majene,22,ID,1594259246,74,-3.54,118.97,27.91,5.63
395,najran,42,SA,1594259139,17,17.49,44.13,30.0,2.1
396,huarmey,1,PE,1594259246,85,-10.07,-78.15,15.85,4.33
397,flinders,0,AU,1594259246,66,-34.58,150.86,17.78,5.36
398,lamar,1,US,1594259246,66,33.67,-95.58,31.0,3.6
399,zavyalovo,93,RU,1594259247,77,54.51,82.45,21.0,5.0
400,hobyo,100,SO,1594259234,79,5.35,48.53,25.68,10.09
401,mega,100,ET,1594259247,84,4.05,38.3,15.17,5.13
402,ivdel,0,RU,1594259247,67,60.69,60.42,25.02,1.12
403,maniitsoq,100,GL,1594259247,93,65.42,-52.9,6.83,5.82
404,nyurba,100,RU,1594259247,57,63.28,118.33,19.28,4.39
405,vytegra,100,RU,1594259248,95,61.01,36.45,11.9,3.63
406,leninskoye,100,RU,1594259248,93,47.94,132.62,15.51,1.48
407,clive,20,US,1594259248,55,41.6,-93.72,31.0,3.6
408,manyana,0,BW,1594259248,80,-23.4,21.72,10.12,5.97
409,kilindoni,13,TZ,1594259248,84,-7.91,39.67,25.57,7.64
410,redlands,5,US,1594259152,16,34.06,-117.18,34.0,6.7
411,areia branca,0,BR,1594259249,72,-4.96,-37.14,24.85,5.41
412,mitu,42,CO,1594259065,88,1.2,-70.17,22.79,0.76
413,salekhard,44,RU,1594259249,56,66.53,66.6,16.26,1.52
414,raudeberg,100,NO,1594259249,81,61.99,5.14,10.0,4.6
415,grand gaube,12,MU,1594259196,79,-20.01,57.66,18.89,2.24
416,cochrane,90,CA,1594259001,76,51.18,-114.47,15.56,7.2
417,conceicao do araguaia,1,BR,1594259249,61,-8.26,-49.26,25.0,1.0
418,bairiki,20,KI,1594259250,70,1.33,172.98,31.0,6.2
419,nome,90,US,1594259025,81,64.5,-165.41,13.89,8.2
420,springdale,20,US,1594259250,55,36.19,-94.13,31.0,3.6
421,yaan,100,NG,1594259250,95,7.38,8.57,22.82,2.49
422,kichera,41,RU,1594259250,68,55.94,110.1,19.59,2.36
423,natal,40,BR,1594258952,94,-5.79,-35.21,24.0,2.6
424,vila velha,0,BR,1594259062,78,-20.33,-40.29,23.0,3.1
425,namie,100,JP,1594259251,79,37.48,141.0,26.67,2.12
426,sabang,100,ID,1594259251,76,5.89,95.32,28.05,7.52
427,port macquarie,4,AU,1594259056,73,-31.43,152.92,18.33,1.09
428,quime,1,BO,1594259251,51,-16.98,-67.22,5.6,1.44
429,nyuksenitsa,100,RU,1594259251,79,60.41,44.24,22.91,2.09
430,saintes,3,FR,1594259251,63,45.67,-0.75,19.0,1.0
431,palana,100,RU,1594259252,100,59.12,159.97,11.78,1.47
432,vao,58,NC,1594259252,64,-22.67,167.48,20.73,6.12
433,yumen,0,CN,1594259252,21,40.28,97.2,25.12,2.37
434,temuco,90,CL,1594259252,93,-38.73,-72.6,7.0,2.6
435,beidao,92,CN,1594259252,40,34.57,105.89,29.17,0.62
436,mpika,0,ZM,1594259252,77,-11.83,31.45,13.31,3.82
437,port-gentil,23,GA,1594259252,85,-0.72,8.78,23.43,4.3
438,fairbanks,40,US,1594259250,59,64.84,-147.72,19.44,2.6
439,locri,5,IT,1594259253,88,38.24,16.26,23.0,0.5
440,goderich,0,CA,1594259253,79,43.75,-81.72,22.78,0.56
441,port hardy,90,CA,1594259253,87,50.7,-127.42,15.0,3.6
442,comodoro rivadavia,21,AR,1594259253,60,-45.87,-67.5,5.0,10.3
443,akhisar,10,TR,1594259253,78,38.92,27.84,19.76,4.34
444,mae ramat,75,TH,1594259254,88,16.98,98.52,27.0,1.5
445,bastos,27,BR,1594259254,93,-21.92,-50.73,15.98,5.09
446,rize,92,TR,1594259254,100,40.9,40.89,11.42,0.69
447,stephenville,1,US,1594259254,55,32.22,-98.2,31.67,2.6
448,la primavera,0,CO,1594259254,87,5.49,-70.41,25.14,1.47
449,sapulpa,1,US,1594259254,59,36.0,-96.11,32.0,2.1
450,komsomolskiy,97,UZ,1594259255,36,40.43,71.72,24.0,1.0
451,novo aripuana,3,BR,1594259255,87,-5.12,-60.38,23.59,0.2
452,indiaroba,0,BR,1594259255,93,-11.52,-37.51,21.88,1.0
453,tuktoyaktuk,90,CA,1594259255,93,69.45,-133.04,3.0,3.6
454,tonantins,26,BR,1594259255,91,-2.87,-67.8,22.75,0.29
455,bulgan,100,MN,1594259255,87,48.81,103.53,13.01,6.65
456,nanakuli,75,US,1594259256,58,21.39,-158.15,28.89,3.6
457,constitucion,77,CL,1594259256,70,-35.33,-72.42,8.23,2.28
458,sorland,75,NO,1594259256,81,67.67,12.69,10.0,3.1
459,tezu,100,IN,1594259130,87,27.92,96.17,24.26,1.58
460,nueva guinea,95,NI,1594259256,93,11.69,-84.46,23.22,2.63
461,haines junction,86,CA,1594259256,33,60.75,-137.51,17.33,2.18
462,dubti,94,ET,1594259256,35,11.74,41.09,31.85,2.34
463,ahipara,40,NZ,1594259257,67,-35.17,173.17,14.26,7.07
464,rehoboth,0,NA,1594259025,43,-23.32,17.08,9.65,4.0
465,santa cruz de la palma,0,ES,1594259257,83,28.68,-17.76,28.33,7.7
466,warrington,100,GB,1594259257,96,53.39,-2.58,13.33,2.72
467,xining,100,CN,1594259257,66,36.62,101.77,16.67,1.82
468,saint-paul,30,RE,1594259257,60,-21.01,55.27,21.0,6.2
469,clarence town,40,AU,1594259258,82,-32.58,151.78,19.44,4.1
470,santa cruz cabralia,40,BR,1594259258,94,-16.28,-39.02,20.0,1.0
471,caraz,97,PE,1594259258,48,-9.05,-77.81,15.91,0.83
472,portoferraio,0,IT,1594259258,56,42.81,10.31,17.22,4.77
473,kumbo,100,CM,1594259258,95,6.2,10.67,14.72,1.11
474,sume,25,BR,1594259053,91,-7.67,-36.88,19.98,2.66
475,klaksvik,40,FO,1594259259,87,62.23,-6.59,10.0,5.1
476,hovd,100,MN,1594259259,72,48.01,91.64,13.99,2.45
477,baherden,0,TM,1594259259,16,38.44,57.43,29.66,0.78
478,atar,43,MR,1594259259,10,20.52,-13.05,34.94,3.67
479,crotone,0,IT,1594259259,61,39.09,17.12,22.23,2.09
480,summerside,100,CA,1594259259,97,46.4,-63.79,14.44,4.92
481,dharmadam,90,IN,1594259260,94,11.78,75.43,24.0,1.5
482,tagusao,100,PH,1594259260,64,9.19,117.81,30.14,1.73
483,asfi,0,MA,1594259260,87,32.3,-9.24,19.21,6.62
484,saint anthony,1,US,1594259129,52,45.02,-93.22,32.0,5.1
485,ayagoz,0,KZ,1594259055,58,47.97,80.44,19.36,7.2
486,kharp,80,RU,1594259261,60,66.8,65.81,16.57,1.11
487,beisfjord,98,NO,1594259261,93,68.38,17.6,7.0,4.1
488,vanavara,100,RU,1594259261,89,60.34,102.28,13.51,3.45
489,varhaug,1,NO,1594259262,94,58.61,5.65,7.78,5.85
490,san cristobal,98,VE,1594259262,85,7.77,-72.22,18.84,1.19
491,mason city,1,US,1594259262,66,43.15,-93.2,30.0,4.1
492,matangad,70,PH,1594259262,75,8.58,124.37,28.33,2.68
493,sevierville,1,US,1594259241,74,35.87,-83.56,26.11,0.98
494,pilani,46,IN,1594259262,60,28.37,75.6,31.92,3.9
495,oriximina,0,BR,1594259263,80,-1.77,-55.87,25.23,1.65
496,srednekolymsk,100,RU,1594259263,77,67.45,153.68,16.01,1.63
497,mehamn,100,NO,1594259263,90,71.04,27.85,9.09,2.13
498,avera,90,US,1594259263,94,33.19,-82.53,26.0,2.22
499,kruisfontein,0,ZA,1594259138,31,-34.0,24.73,16.77,7.4
500,arecibo,80,PR,1594258974,90,18.47,-66.72,27.22,0.45
501,novikovo,98,RU,1594259263,88,51.15,37.89,14.88,5.93
502,rawson,0,AR,1594259062,64,-43.3,-65.1,5.84,7.21
503,xuzhou,9,CN,1594259264,46,34.18,117.16,26.67,4.02
504,san pedro de uraba,91,CO,1594259264,87,8.28,-76.38,23.75,0.62
505,alice springs,47,AU,1594259044,35,-23.7,133.88,14.0,2.6
506,wittlich,90,DE,1594259264,100,49.98,6.88,16.0,3.1
507,veraval,13,IN,1594259264,79,20.9,70.37,29.11,8.76
508,nampula,75,MZ,1594259264,88,-15.12,39.27,19.0,6.2
509,akividu,90,IN,1594259265,100,16.6,81.38,25.0,3.1
510,kavieng,99,PG,1594259265,66,-2.57,150.8,29.8,4.39
511,manta,62,EC,1594258993,87,-0.95,-80.73,21.71,4.37
512,high prairie,100,CA,1594259265,86,55.43,-116.49,17.32,1.68
513,da lat,98,VN,1594259265,59,11.95,108.44,24.1,0.65
514,el vigia,90,VE,1594259265,70,8.62,-71.65,25.64,2.12
515,tupaciguara,1,BR,1594259265,49,-18.59,-48.7,18.14,1.13
516,talavera de la reina,0,ES,1594259266,52,39.96,-4.83,21.03,1.08
517,verkh-usugli,100,RU,1594259266,42,52.7,115.17,26.1,1.81
518,atotonilco el grande,100,MX,1594259266,84,20.28,-98.67,17.4,1.1
519,santa cruz,90,BO,1594259266,82,-17.8,-63.17,13.0,2.1
520,delijan,0,IR,1594259266,18,33.99,50.68,25.41,1.67
521,troina,5,IT,1594259266,94,37.79,14.6,23.0,3.1
522,lata,14,PT,1594259267,93,40.16,-8.33,17.78,0.53
523,laguna,1,US,1594259159,20,38.42,-121.42,34.0,6.7
524,nola,0,IT,1594259267,75,40.92,14.53,21.67,0.81
525,havre-saint-pierre,90,CA,1594259267,93,50.23,-63.6,15.0,1.5
526,george,80,ZA,1594259267,17,-33.96,22.46,24.0,8.7
527,kidal,0,ML,1594259267,40,18.44,1.41,31.29,5.75
528,mutis,100,CO,1594259268,80,6.23,-77.4,25.3,0.91
529,sioux lookout,40,CA,1594259268,57,50.1,-91.92,27.0,3.6
530,saint-alexandre,0,FR,1594259268,67,44.23,4.62,18.33,1.0
531,lillooet,75,CA,1594259268,40,50.69,-121.94,22.0,7.7
532,leua,78,SK,1594259268,78,48.22,18.61,17.78,1.79
533,cotonou,40,BJ,1594259104,88,6.37,2.42,26.0,4.6
534,salaga,100,GH,1594259268,91,8.55,-0.52,23.49,2.93
535,cabedelo,20,BR,1594259269,94,-6.98,-34.83,24.0,2.1
536,pambujan,84,PH,1594259269,60,12.56,124.93,31.15,1.88
537,cururupu,23,BR,1594259149,93,-1.83,-44.87,23.42,1.08
538,popondetta,99,PG,1594259269,59,-8.75,148.25,30.79,1.93
539,shingu,75,JP,1594259269,88,33.73,135.98,25.0,2.6
540,bareli,84,IN,1594259054,69,28.35,79.42,30.02,2.06
541,medvedevo,0,RU,1594259270,83,56.63,47.8,22.0,2.0
542,marrakesh,0,MA,1594259104,44,31.63,-8.01,27.0,2.1
543,athabasca,100,CA,1594259270,69,54.72,-113.29,18.69,1.4
544,zhigansk,0,RU,1594259270,38,66.77,123.37,19.62,6.3
545,mirnyy,20,RU,1594259270,67,62.54,113.96,17.0,3.0
546,havre,90,FR,1594259270,93,49.58,0.33,16.11,5.7
547,trelew,0,AR,1594259245,66,-43.25,-65.31,5.1,5.99
548,orodel,0,RO,1594259271,84,44.23,23.23,16.11,1.9
549,yakymivka,0,UA,1594259271,73,46.69,35.15,15.59,5.11
550,payo,71,ID,1594259271,74,-3.75,103.64,26.98,0.54
551,zyryanka,100,RU,1594259271,93,65.75,150.85,12.37,3.46
552,barao de melgaco,0,BR,1594259271,64,-16.19,-55.97,22.0,2.1
553,baykit,70,RU,1594259271,61,61.67,96.37,14.93,5.1
554,nantucket,1,US,1594259104,94,41.28,-70.1,21.11,4.6
555,port moresby,40,PG,1594259272,66,-9.44,147.18,31.0,3.0
556,tricase,5,IT,1594259272,93,39.93,18.36,18.89,1.5
557,cortes,91,ES,1594259272,61,41.94,-1.44,25.0,3.1
558,kusti,100,SD,1594259272,66,13.16,32.66,26.55,6.52
559,hailar,68,CN,1594259272,29,49.2,119.7,29.68,6.71
560,chancay,90,PE,1594259272,87,-11.57,-77.27,16.0,4.1
561,halifax,90,CA,1594259139,100,44.65,-63.57,15.0,7.2
562,karratha,0,AU,1594259273,18,-20.74,116.85,25.56,4.99
563,abbeville,100,FR,1594259273,80,50.1,1.83,16.67,4.85
564,garden city,75,US,1594259273,69,42.33,-83.33,27.22,3.6
565,asau,0,RO,1594259273,85,46.43,26.4,11.11,2.0
566,rojhan,0,PK,1594259273,50,28.69,69.95,34.71,5.53
567,adrar,58,MR,1594259132,10,20.5,-10.07,33.79,6.06
568,ulaangom,3,MN,1594259274,43,49.98,92.07,20.56,6.03
569,verkhnetulomskiy,75,RU,1594259274,100,68.61,31.8,12.0,0.45
570,bahia blanca,0,AR,1594259274,62,-38.72,-62.27,6.13,5.22
571,telde,0,ES,1594259274,73,27.99,-15.42,24.44,10.8
572,abeche,64,TD,1594259274,42,13.83,20.83,30.44,2.82
573,kibondo,85,TZ,1594259274,58,-3.59,30.72,17.75,1.11
574,ino,75,JP,1594259274,88,33.55,133.43,26.0,2.6
575,le pont-de-claix,0,FR,1594259275,73,45.12,5.71,15.0,2.24
576,acari,44,PE,1594259133,69,-15.43,-74.62,15.85,0.99
577,saint-louis,67,SN,1594259275,72,16.33,-15.0,25.42,7.75
578,kalmunai,100,LK,1594259275,76,7.42,81.82,27.78,2.05
579,safaga,0,EG,1594259275,35,26.73,33.94,30.0,3.1
580,clinton,75,US,1594259275,94,42.59,-82.92,27.22,2.38
581,ailigandi,98,PA,1594259275,83,9.23,-78.02,26.29,2.55
582,turayf,0,SA,1594259276,44,31.67,38.66,24.0,8.2
583,ajdabiya,0,LY,1594259276,83,30.76,20.23,22.4,3.08
584,sistranda,75,NO,1594259276,87,63.73,8.83,10.0,5.7
585,san juan,100,AR,1594259276,53,-31.54,-68.54,8.36,3.58
586,kaeo,0,NZ,1594259276,3,-35.1,173.78,14.44,6.71
587,leh,64,IN,1594259276,44,34.17,77.58,15.16,3.11
